{
    "id": "dice-webrtc-module",
    "title": "Dice WebRTC Module",
    "description": "A module for integrating WebRTC functionality for dice rolling in FoundryVTT.",
    "version": "0.0.14",
    "compatibility": {
      "minimum": "10",
      "verified": "11",
      "maximum": "11"
    },
    "authors": [
      {
        "name": "Your Name",
        "email": "your.email@example.com",
        "url": "https://yourwebsite.com"
      }
    ],
    "esmodules": ["scripts/idx.js"],
    "styles": ["styles/dice-webrtc.css"],
    "templates": ["templates/module-config.html"],
    "languages": [
      {
        "lang": "en",
        "name": "English",
        "path": "lang/en.json"
      }
    ],
    "url": "https://github.com/Tackyshot/foundry_webrtc_dice",
    "manifest": "https://github.com/Tackyshot/foundry_webrtc_dice/releases/latest/download/module.json",
    "download": "https://github.com/Tackyshot/foundry_webrtc_dice/releases/download/v0.0.14/dice-webrtc-module.zip",
    "license": "MIT",
    "readme": "README.md",
    "bugs": "https://github.com/Tackyshot/foundry_webrtc_dice/issues",
    "changelog": "CHANGELOG.md"
  }